<?xml version="1.0" encoding="utf-8"?>
<varlist name="Settings">
	<varlist name="MapViewOptions">
		<varlist name="HF">
			<string name="IndexedPalette">Monochrome</string>
		</varlist>
		<varlist name="WS">
			<string name="IndexedPalette">Thermal</string>
		</varlist>
		<varlist name="SH">
			<string name="IndexedPalette">InverseBoolean</string>
		</varlist>
	</varlist>
	<varlist name="HF">
		<int name="nx">4096</int>
		<int name="ny">4096</int>
		<float name="HorizScale">1</float>
		<bool name="MosaicFlag">false</bool>
		<int name="MosaicSize">512</int>
		<string name="Algorithm">InflateDM64</string>
	</varlist>
	<bool name="WrapFlag">false</bool>
	<varlist name="DM">
		<string name="Algorithm">PeakDM</string>
		<int name="HF_in_DM">64</int>
		<int name="nx">64</int>
		<int name="ny">64</int>
		<int name="SeaLand">100</int>
		<int name="FlatSteep">50</int>
		<int name="FeatureScale">50</int>
		<int name="FracRough">50</int>
		<int name="PeakRough">50</int>
		<int name="Cliffs">0</int>
		<int name="Erosion">6</int>
		<int name="Lakes">25</int>
		<string name="Climate">Tropical</string>
	</varlist>
	<varlist name="AM">
		<string name="Climate">Temperate</string>
		<int name="AM_in_HF">1</int>
		<bool name="MosaicFlag">false</bool>
		<int name="MosaicSize">512</int>
	</varlist>
	<varlist name="TN">
		<bool name="BumpMapping">true</bool>
		<bool name="TangentFlag">false</bool>
		<int name="TN_in_HF">1</int>
		<bool name="MosaicFlag">true</bool>
		<int name="MosaicSize">512</int>
	</varlist>
	<varlist name="TX">
		<bool name="UseLM">false</bool>
		<bool name="UseTX">true</bool>
		<bool name="UseStrata">true</bool>
		<int name="TX_in_HF">1</int>
		<bool name="MosaicFlag">true</bool>
		<int name="MosaicSize">512</int>
		<int name="MaxRadAA">8</int>
	</varlist>
	<varlist name="Ops">
		<bool name="GenDM">true</bool>
		<bool name="GenHF">true</bool>
		<bool name="GenAM">true</bool>
		<bool name="GenTN">true</bool>
		<bool name="GenTX">true</bool>
	</varlist>
	<varlist name="CalcTimers">
		<varlist name="DM">
			<float name="GenMap">2.672</float>
		</varlist>
		<varlist name="HF">
			<float name="DesignInflate64">293.172</float>
		</varlist>
		<varlist name="AM">
			<float name="GenMap">9.485</float>
		</varlist>
		<varlist name="TN">
			<float name="GenMap">7.015</float>
		</varlist>
		<varlist name="TX">
			<float name="GenMap">48.641</float>
		</varlist>
	</varlist>
	<varlist name="Sapphire">
		<varlist name="PathList">		</varlist>
		<varlist name="TeleportList">		</varlist>
	</varlist>
	<int name="SettingsVersion">2540</int>
</varlist>
